{"chessUnitSize":27,"chessBoard_h":9,"chessBoard_w":6,"caeraExtParams":[{"streamIdx":0,"R_rows":3,"R_cols":3,"R":[0.9999957417792507,0.0003660286583133603,-0.002895245479685604,-0.0003749740524094258,0.9999951564233992,-0.0030897450058856767,0.0028941005211233176,0.003090817490999614,0.9999910354745242],"t_rows":3,"t_cols":1,"t":[0.01876475953328019,-0.00014687934863317408,0.004025680608408895]},{"streamIdx":1,"R_rows":3,"R_cols":3,"R":[1.0,0.0,0.0,0.0,1.0,0.0,0.0,0.0,1.0],"t_rows":3,"t_cols":1,"t":[0.0,0.0,0.0]},{"streamIdx":2,"R_rows":3,"R_cols":3,"R":[1.0,0.0,0.0,0.0,1.0,0.0,0.0,0.0,1.0],"t_rows":3,"t_cols":1,"t":[0.0,0.0,0.0]}]}
