{"chessUnitSize":27,"chessBoard_h":9,"chessBoard_w":6,"caeraExtParams":[{"streamIdx":0,"R_rows":3,"R_cols":3,"R":[-0.9267396175161365,0.10582617233673138,-0.36049202844806618,0.04286569802595634,-0.9234614493313695,-0.3812892386778756,-0.3732508717455224,-0.36880858564757265,0.8512719975976214],"t_rows":3,"t_cols":1,"t":[-281.4970994972929,17.78904440719681,812.4110151569344]},{"streamIdx":1,"R_rows":3,"R_cols":3,"R":[-0.941147094761052,0.12284411781794041,-0.31488326208352726,0.089812948286979,-0.8072315290524222,-0.5833617169678592,-0.32584625261437608,-0.5773097792530629,0.7486906159662671],"t_rows":3,"t_cols":1,"t":[-104.45065969840246,-47.561540225863868,585.5806013422929]},{"streamIdx":2,"R_rows":3,"R_cols":3,"R":[-0.941147094761052,0.12284411781794041,-0.31488326208352726,0.089812948286979,-0.8072315290524222,-0.5833617169678592,-0.32584625261437608,-0.5773097792530629,0.7486906159662671],"t_rows":3,"t_cols":1,"t":[-104.45065969840246,-47.561540225863868,585.5806013422929]}]}
